{"cameraMode":{"drawMode":0,"name":"Shaded","section":"Shading Mode"},"sceneLighting":false,"audioPlay":false,"sceneViewState":{"showFog":true,"showMaterialUpdate":false,"showSkybox":false,"showFlares":true,"showImageEffects":true,"showParticleSystems":true},"in2DMode":false,"pivot":{"x":-3.200000047683716,"y":0.6369782090187073,"z":-28.8651180267334},"rotation":{"x":0.13458165526390077,"y":0.011294263415038586,"z":-0.0015339941019192339,"w":0.9908376932144165},"size":2.076279878616333,"orthographic":false}