{"cameraMode":{"drawMode":0,"name":"Shaded","section":"Shading Mode"},"sceneLighting":false,"audioPlay":false,"sceneViewState":{"showFog":true,"showMaterialUpdate":false,"showSkybox":false,"showFlares":true,"showImageEffects":true,"showParticleSystems":true},"in2DMode":false,"pivot":{"x":5.960464477539063e-8,"y":0.09358322620391846,"z":-0.02348819002509117},"rotation":{"x":0.13458165526390077,"y":0.011294263415038586,"z":-0.0015339941019192339,"w":0.9908376932144165},"size":0.19430212676525117,"orthographic":false}