{"cameraMode":{"drawMode":0,"name":"Shaded","section":"Shading Mode"},"sceneLighting":true,"audioPlay":false,"sceneViewState":{"showFog":true,"showMaterialUpdate":false,"showSkybox":true,"showFlares":true,"showImageEffects":true,"showParticleSystems":true},"in2DMode":false,"pivot":{"x":0.0,"y":1.2369781732559205,"z":160.3348846435547},"rotation":{"x":0.13458165526390077,"y":0.011294263415038586,"z":-0.0015339941019192339,"w":0.9908376932144165},"size":2.076280117034912,"orthographic":false}